{
  "employees": [
    {
      "id": 101,
      "empname": "Parag",
      "emppassword": "Parag123",
      "empemail": "Parag@gmail.com",
      "empdepartent": "Human Resource",
      "empsign": true
    },
    {
      "empname": "Prachi",
      "emppassword": "Prachi123",
      "empemail": "prach@gmail.com",
      "empdepartent": "Information Technology",
      "empsign": true,
      "id": 102
    },
    {
      "id": 103,
      "empname": "Manas",
      "emppassword": "Manas1234",
      "empemail": "Manas@gmail.com",
      "empdepartent": "IT Operations",
      "empsign": false
    },
    {
      "id": 104,
      "empname": "Daesha",
      "emppassword": "Daesha123",
      "empemail": "Daesha@yahoo.com",
      "empdepartent": "Information Technology",
      "empsign": true
    }
  ]
}